Metric,Default (0.5),Optimal (0.060)
Sensitivity,0.0,0.5272727272727272
Specificity,1.0,0.6091081593927894
Precision,0.0,0.08579881656803463
F1 Score,0.0,0.14758269720099904
