Model,AUC,Sensitivity,Specificity
Cost-Sensitive RF,0.5638778678626876,0.0,1.0
Ensemble (RF + XGB),0.5853889943074004,0.0,0.9974699557242251
